yil,hammadde_malzeme_ticari_mallar_bin_tl,personel_giderleri_bin_tl,enerji_giderleri_bin_tl,reklam_tanitim_promosyon_bin_tl,toplam_niteliklerine_gore_gider_bin_tl,muhasebe_birimi,kaynak_pdf
2016,9817005,1793407,109072,574109,,nominal bin TL,https://www.arcelikglobal.com/media/25gjnkuk/12aylik_2017.pdf (2017 raporundaki karşılaştırmalı sütun)
2017,13188336,2264310,130972,656153,,nominal bin TL,https://www.arcelikglobal.com/media/25gjnkuk/12aylik_2017.pdf
2018,16860787,2924665,165176,849010,24867320,nominal bin TL,https://www.arcelikglobal.com/media/ewwo1kum/arcelik-2019-4c-finansal-rapor.pdf (2019 raporundaki karşılaştırmalı sütun)
2019,19508766,3572033,223641,1072420,29658336,nominal bin TL,https://www.arcelikglobal.com/media/ewwo1kum/arcelik-2019-4c-finansal-rapor.pdf
2020,24382231,4402219,,1084326,37029528,nominal bin TL (enerji ayrı satırda yok; Diğer içinde),https://www.arcelikglobal.com/media/sf4htntk/arcelik-31-12-2021-spk-tr.pdf (2021 raporundaki karşılaştırmalı sütun)
2021,48438483,6914533,,1832495,63176923,nominal bin TL (enerji ayrı satırda yok; Diğer içinde),https://www.arcelikglobal.com/media/sf4htntk/arcelik-31-12-2021-spk-tr.pdf
2022,169545385,26632889,,6701167,249014562,nominal bin TL (enerji ayrı satırda yok; Diğer içinde),https://www.arcelikglobal.com/media/p5wlfvgo/arcelik-31-12-2023-spk-tr.pdf (2023 raporundaki karşılaştırmalı sütun)
2023,157943367,31247279,,7261189,245487845,enflasyon düzeltmeli (TMS 29) bin TL,https://www.arcelikglobal.com/media/p5wlfvgo/arcelik-31-12-2023-spk-tr.pdf
2024,345230339,83509555,,14390733,553413925,enflasyon düzeltmeli (TMS 29) bin TL,https://www.arcelikglobal.com/media/jlsj0ndr/arcelik-31-12-2025-spk-tr.pdf (2025 raporundaki karşılaştırmalı sütun)
2025,319477743,80019505,,12366755,516937998,enflasyon düzeltmeli (TMS 29) bin TL,https://www.arcelikglobal.com/media/jlsj0ndr/arcelik-31-12-2025-spk-tr.pdf
